line_ID,character,line
11,Angela,1
11,Todd Packer,3
11,Stanley,5
11,Ryan,8
11,Roy,5
11,Pam,40
11,Phyllis,2
11,Michael,82
11,Kevin,1
11,Jim,36
11,Jan,12
11,Dwight,28
11,Oscar,3
12,Oscar,13
12,Toby,2
12,Stanley,5
12,Ryan,4
12,Michael,75
12,Pam,12
12,Kelly,2
12,Jim,25
12,Dwight,17
12,Angela,4
12,Kevin,8
13,Stanley,6
13,Ryan,1
13,Pam,32
13,Oscar,9
13,Michael,56
13,Meredith,3
13,Jim,42
13,Jan,18
13,Dwight,62
13,Angela,5
13,Kevin,6
14,Pam,22
14,Toby,4
14,Ryan,4
14,Roy,3
14,Phyllis,5
14,Oscar,14
14,Stanley,2
14,Meredith,10
14,Kevin,3
14,Jim,49
14,Dwight,47
14,Angela,7
14,Michael,67
15,Stanley,3
15,Ryan,8
15,Roy,12
15,Phyllis,4
15,Pam,14
15,Oscar,2
15,Michael,103
15,Jim,21
15,Dwight,25
15,Darryl,15
15,Angela,3
15,Kevin,1
16,Toby,6
16,Stanley,3
16,Ryan,12
16,Roy,14
16,Oscar,1
16,Pam,42
16,Kevin,4
16,Jim,55
16,Jan,8
16,Dwight,28
16,Angela,3
16,Michael,105
21,Stanley,8
21,Ryan,2
21,Roy,6
21,Phyllis,10
21,Pam,41
21,Oscar,2
21,Michael,96
21,Kelly,7
21,Jim,32
21,Jan,9
21,Dwight,32
21,Darryl,1
21,Angela,1
21,Kevin,1
22,Phyllis,6
22,Todd Packer,19
22,Toby,26
22,Stanley,1
22,Ryan,1
22,Roy,14
22,Michael,99
22,Pam,27
22,Kevin,6
22,Jim,16
22,Jan,11
22,Dwight,11
22,Darryl,9
22,Angela,2
22,Meredith,1
23,Meredith,1
23,Stanley,3
23,Ryan,5
23,Phyllis,2
23,Pam,30
23,Oscar,10
23,Jim,54
23,Kevin,8
23,Dwight,55
23,Carol,15
23,Angela,6
23,Michael,83
24,Pam,22
24,Phyllis,6
24,Meredith,4
24,Ryan,40
24,Stanley,5
24,Roy,6
24,Oscar,4
24,Kelly,4
24,Kevin,4
24,Jim,51
24,Dwight,64
24,Angela,17
24,Michael,69
25,Ryan,1
25,Phyllis,3
25,Pam,27
25,Oscar,7
25,Michael,108
25,Jim,30
25,Kelly,3
25,Dwight,32
25,Creed,16
25,Angela,13
25,Stanley,3
25,Kevin,2
26,Ryan,17
26,Kelly,3
26,Toby,5
26,Stanley,3
26,Pam,25
26,Dwight,64
26,Kevin,3
26,Jim,49
26,Michael,85
26,Angela,3
27,Toby,1
27,Ryan,6
27,Roy,1
27,Phyllis,4
27,Oscar,4
27,Pam,31
27,Kevin,1
27,Kelly,1
27,Jim,40
27,Jan,46
27,Dwight,22
27,Michael,71
28,Oscar,1
28,Stanley,4
28,Ryan,1
28,Phyllis,1
28,Pam,30
28,Toby,1
28,Michael,103
28,Jim,26
28,Kelly,2
28,Jan,52
28,Dwight,42
28,Creed,1
28,Angela,5
28,Kevin,4
29,Ryan,2
29,Phyllis,4
29,Pam,38
29,Oscar,6
29,Michael,80
29,Jim,52
29,Kelly,1
29,Dwight,34
29,Angela,13
29,Stanley,2
29,Kevin,8
30,Roy,4
30,Phyllis,6
30,Stanley,4
30,Oscar,68
30,Dwight,7
30,Kevin,74
30,Jan,6
30,Meredith,9
30,Angela,76
31,Stanley,1
31,Ryan,1
31,Roy,4
31,Phyllis,3
31,Pam,6
31,Oscar,16
31,Michael,50
31,Kevin,1
31,Toby,9
31,Karen,1
31,Jim,11
31,Jan,7
31,Dwight,17
31,Creed,1
31,Angela,4
31,Andy,5
31,Kelly,1
32,Toby,6
32,Stanley,1
32,Ryan,3
32,Phyllis,2
32,Pam,30
32,Michael,108
32,Meredith,1
32,Kelly,8
32,Jim,32
32,Jan,12
32,Dwight,37
32,Creed,2
32,Angela,9
32,Kevin,3
33,Michael,73
33,Stanley,2
33,Roy,2
33,Phyllis,5
33,Pam,16
33,Kelly,8
33,Kevin,4
33,Jim,11
33,Jan,25
33,Dwight,70
33,Creed,2
33,Angela,12
33,Andy,10
33,Karen,7
34,Toby,3
34,Ryan,6
34,Roy,5
34,Phyllis,3
34,Pam,25
34,Michael,81
34,Meredith,1
34,Kevin,2
34,Stanley,5
34,Karen,15
34,Jim,15
34,Jan,12
34,Dwight,35
34,Creed,6
34,Angela,6
34,Andy,4
34,Kelly,4
35,Toby,1
35,Stanley,6
35,Ryan,36
35,Phyllis,2
35,Pam,52
35,Michael,33
35,Kevin,3
35,Kelly,6
35,Jim,45
35,Jan,7
35,Dwight,45
35,Angela,4
35,Andy,5
35,Karen,9
36,Meredith,2
36,Stanley,1
36,Ryan,7
36,Roy,1
36,Phyllis,2
36,Toby,2
36,Michael,56
36,Kevin,6
36,Pam,23
36,Karen,14
36,Andy,14
36,Angela,10
36,Carol,12
36,Kelly,15
36,Dwight,6
36,Jim,19
36,Creed,1
37,Stanley,1
37,Ryan,7
37,Roy,4
37,Phyllis,8
37,Pam,22
37,Michael,67
37,Kevin,12
37,Toby,3
37,Karen,9
37,Jim,21
37,Jan,32
37,Dwight,39
37,Darryl,4
37,Angela,7
37,Andy,5
37,Kelly,2
38,Toby,16
38,Stanley,4
38,Ryan,9
38,Phyllis,8
38,Pam,36
38,Michael,125
38,Meredith,2
38,Kevin,7
38,Kelly,6
38,Jim,66
38,Jan,6
38,Dwight,73
38,Creed,2
38,Andy,40
38,Karen,26
38,Angela,4
39,Toby,4
39,Meredith,1
39,Stanley,2
39,Ryan,3
39,Phyllis,1
39,Pam,16
39,Michael,54
39,Karen,10
39,Jim,31
39,Jan,7
39,Dwight,4
39,Creed,2
39,Angela,10
39,Andy,17
39,Kevin,13
41,Toby,9
41,Ryan,6
41,Phyllis,4
41,Pam,81
41,Oscar,9
41,Michael,128
41,Meredith,18
41,Kevin,17
41,Stanley,9
41,Jim,50
41,Jan,7
41,Dwight,54
41,Darryl,5
41,Creed,9
41,Angela,44
41,Andy,6
41,Kelly,6
43,Toby,18
43,Stanley,5
43,Ryan,78
43,Phyllis,13
43,Pam,50
43,Oscar,3
43,Michael,138
43,Kelly,19
43,Jim,41
43,Jan,16
43,Dwight,67
43,Creed,10
43,Angela,22
43,Andy,14
43,Kevin,13
45,Meredith,12
45,Stanley,7
45,Ryan,6
45,Phyllis,8
45,Pam,24
45,Michael,146
45,Kevin,14
45,Oscar,8
45,Jim,67
45,Jan,6
45,Kelly,8
45,Dwight,84
45,Darryl,9
45,Angela,50
45,Andy,45
47,Toby,2
47,Stanley,9
47,Ryan,21
47,Phyllis,2
47,Pam,50
47,Oscar,25
47,Michael,137
47,Meredith,1
47,Kevin,9
47,Kelly,12
47,Jim,41
47,Jan,31
47,Dwight,38
47,Darryl,10
47,Creed,7
47,Angela,4
47,Andy,11
49,Stanley,1
49,Ryan,8
49,Phyllis,7
49,Pam,18
49,Oscar,1
49,Michael,61
49,Meredith,3
49,Angela,2
49,Jim,27
49,Dwight,10
49,David,3
49,Darryl,10
49,Creed,2
49,Andy,21
49,Kevin,3
50,Stanley,2
50,Oscar,8
50,Darryl,16
50,Kevin,35
51,Meredith,4
51,Toby,1
51,Stanley,8
51,Ryan,17
51,Phyllis,16
51,Pam,36
51,Oscar,18
51,Michael,116
51,Kevin,14
51,Jan,5
51,Jim,61
51,Kelly,12
51,Holly,55
51,Dwight,47
51,Darryl,10
51,Creed,5
51,Angela,25
51,Andy,29
53,Ryan,3
53,Phyllis,3
53,Pam,9
53,Oscar,5
53,Michael,61
53,Meredith,13
53,Kevin,5
53,Stanley,3
53,Jim,27
53,Holly,51
53,Dwight,13
53,Creed,1
53,Angela,2
53,Andy,12
53,Kelly,3
54,Stanley,2
54,Phyllis,7
54,Pam,25
54,Oscar,3
54,Michael,78
54,Meredith,1
54,Kevin,4
54,Kelly,2
54,Jim,27
54,Holly,10
54,Dwight,35
54,Darryl,9
54,Creed,2
54,Angela,13
54,Andy,13
54,Jan,38
55,Michael,76
55,Stanley,1
55,Roy,14
55,Phyllis,23
55,Pam,9
55,Oscar,5
55,Kevin,5
55,David,5
55,Holly,36
55,Dwight,31
55,Jim,19
55,Darryl,8
55,Creed,2
55,Angela,8
55,Andy,7
56,Stanley,1
56,Ryan,4
56,Phyllis,4
56,Pam,25
56,Oscar,1
56,Michael,59
56,Meredith,1
56,Pete,15
56,Kelly,5
56,Jim,25
56,Holly,32
56,Dwight,35
56,Darryl,29
56,Creed,2
56,Andy,39
56,Kevin,1
57,Ryan,6
57,Pam,30
57,Michael,63
57,Kevin,2
57,Kelly,23
57,Jim,103
57,Darryl,1
57,Angela,6
57,Andy,26
57,Dwight,84
58,Meredith,5
58,Stanley,3
58,Phyllis,2
58,Pam,13
58,Oscar,38
58,Michael,77
58,Kevin,2
58,Ryan,13
58,Jim,22
58,Dwight,15
58,David,15
58,Creed,1
58,Angela,10
58,Andy,69
58,Kelly,15
59,Toby,29
59,Ryan,18
59,Phyllis,3
59,Pam,26
59,Oscar,3
59,Michael,90
59,Meredith,2
59,Dwight,38
59,Kelly,10
59,Jim,31
59,David,11
59,Creed,2
59,Angela,2
59,Andy,6
59,Kevin,2
60,Ryan,14
60,Kevin,4
60,Oscar,1
60,Erin,18
60,Andy,6
60,Kelly,27
61,Toby,1
61,Stanley,11
61,Ryan,1
61,Phyllis,7
61,Pam,26
61,Michael,86
61,Meredith,4
61,Oscar,9
61,Kelly,9
61,Jim,39
61,Erin,7
61,Dwight,18
61,Creed,6
61,Angela,5
61,Andy,36
61,Kevin,13
62,Michael,72
62,Oscar,7
62,Toby,26
62,Stanley,2
62,Phyllis,2
62,Ryan,5
62,Meredith,6
62,Pam,24
62,Kevin,1
62,David,34
62,Jim,18
62,Andy,7
62,Angela,3
62,Creed,4
62,Kelly,3
62,Dwight,32
62,Erin,3
62,Darryl,15
63,Stanley,3
63,Ryan,5
63,Phyllis,13
63,Pam,18
63,Oscar,12
63,Meredith,9
63,Kevin,14
63,Michael,85
63,Jim,88
63,Erin,3
63,Dwight,29
63,David,6
63,Creed,3
63,Angela,5
63,Andy,3
63,Kelly,4
64,Oscar,9
64,Toby,3
64,Stanley,7
64,Ryan,3
64,Phyllis,3
64,Pete,6
64,Pam,70
64,Michael,130
64,Andy,32
64,Kevin,30
64,Kelly,3
64,Jim,56
64,Erin,10
64,Dwight,84
64,Angela,12
64,Meredith,6
66,Toby,3
66,Ryan,4
66,Phyllis,1
66,Pam,5
66,Michael,121
66,Oscar,18
66,Meredith,3
66,Jim,14
66,Erin,7
66,Dwight,50
66,Creed,1
66,Andy,57
66,Kevin,17
67,Toby,15
67,Stanley,1
67,Ryan,8
67,Phyllis,2
67,Pam,58
67,Oscar,6
67,Michael,83
67,Meredith,4
67,Kelly,10
67,Jim,58
67,Erin,12
67,Dwight,29
67,Creed,1
67,Angela,5
67,Andy,9
67,Kevin,6
68,Meredith,8
68,Stanley,3
68,Ryan,1
68,Phyllis,9
68,Pam,39
68,Oscar,11
68,Michael,85
68,Kevin,10
68,Andy,37
68,Jim,49
68,Erin,17
68,Dwight,14
68,Darryl,7
68,Creed,3
68,Angela,10
68,Kelly,2
69,Toby,7
69,Stanley,1
69,Ryan,8
69,Phyllis,2
69,Pam,70
69,Oscar,3
69,Michael,114
69,Meredith,1
69,Kevin,6
69,Jim,26
69,Erin,3
69,Dwight,50
69,Creed,2
69,Angela,2
69,Andy,27
69,Kelly,5
70,Ryan,17
70,Meredith,2
70,Kevin,7
70,Kelly,18
70,Erin,9
70,Creed,1
70,Angela,2
70,Gabe,13
71,Meredith,3
71,Toby,3
71,Stanley,5
71,Ryan,3
71,Phyllis,7
71,Pam,25
71,Oscar,8
71,Michael,57
71,Kevin,5
71,Erin,7
71,Jo,7
71,Jim,22
71,Gabe,11
71,Dwight,21
71,Darryl,5
71,Creed,4
71,Angela,3
71,Andy,16
71,Kelly,5
72,Michael,31
72,Stanley,3
72,Ryan,3
72,Phyllis,3
72,Toby,35
72,Oscar,7
72,Kelly,6
72,Pam,39
72,Gabe,17
72,Erin,4
72,Dwight,48
72,Darryl,4
72,Creed,1
72,Angela,4
72,Andy,12
72,Jim,34
73,Stanley,2
73,Phyllis,4
73,Pam,17
73,Oscar,1
73,Michael,43
73,Jim,19
73,Kelly,2
73,Dwight,17
73,Darryl,11
73,Creed,2
73,Angela,16
73,Andy,48
73,Erin,19
74,Kelly,5
74,Ryan,1
74,Phyllis,5
74,Pam,8
74,Stanley,4
74,Oscar,7
74,Michael,87
74,Meredith,6
74,Kevin,10
74,Jim,4
74,Creed,2
74,Holly,15
74,Gabe,3
74,Erin,4
74,Dwight,40
74,Darryl,8
74,Carol,15
74,Angela,2
74,Andy,40
74,Jan,16
75,Michael,85
75,Oscar,16
75,Pam,10
75,Meredith,15
75,Ryan,3
75,Stanley,5
75,Phyllis,8
75,Kevin,12
75,Creed,2
75,Jim,59
75,Erin,2
75,Dwight,56
75,Darryl,23
75,Kelly,3
75,Angela,2
75,Andy,38
76,Todd Packer,5
76,Stanley,6
76,Ryan,6
76,Phyllis,5
76,Pam,23
76,Oscar,8
76,Michael,59
76,Meredith,1
76,Kevin,19
76,Toby,4
76,Jim,26
76,Kelly,5
76,Angela,5
76,Creed,3
76,Andy,16
76,Dwight,14
76,Erin,7
76,Gabe,14
76,Darryl,26
77,Toby,3
77,Stanley,3
77,Ryan,6
77,Phyllis,5
77,Pam,33
77,Oscar,2
77,Michael,73
77,Kevin,4
77,Jim,38
77,Gabe,2
77,Erin,9
77,Dwight,16
77,Darryl,2
77,Angela,8
77,Andy,24
77,Kelly,2
78,Michael,53
78,Stanley,1
78,Ryan,3
78,Phyllis,12
78,Pam,23
78,Oscar,7
78,Kevin,9
78,Jim,17
78,Gabe,18
78,Erin,40
78,Dwight,26
78,Creed,4
78,Angela,9
78,Andy,26
78,Kelly,13
79,Stanley,7
79,Ryan,53
79,Phyllis,2
79,Oscar,5
79,Michael,67
79,Meredith,2
79,Kevin,7
79,Kelly,5
79,Pam,28
79,Jim,20
79,Gabe,8
79,Erin,7
79,Dwight,24
79,Creed,3
79,Angela,19
79,Andy,10
79,Jo,4
81,Toby,1
81,Stanley,8
81,Ryan,1
81,Robert,29
81,Phyllis,10
81,Pam,23
81,Oscar,4
81,Meredith,5
81,Erin,9
81,Kelly,5
81,Jim,33
81,Dwight,28
81,Darryl,4
81,Angela,6
81,Andy,50
81,Kevin,7
82,Pam,33
82,Phyllis,7
82,Oscar,7
82,Ryan,4
82,Stanley,5
82,Robert,24
82,Meredith,5
82,Kelly,3
82,Kevin,24
82,Jim,39
82,Erin,12
82,Dwight,21
82,Darryl,7
82,Angela,14
82,Andy,71
83,Toby,1
83,Ryan,5
83,Phyllis,6
83,Pam,23
83,Oscar,18
83,Meredith,4
83,Kevin,14
83,Kelly,6
83,Jim,43
83,Erin,7
83,Dwight,30
83,Darryl,49
83,Creed,1
83,Angela,3
83,Andy,63
84,Toby,6
84,Stanley,1
84,Ryan,7
84,Robert,18
84,Phyllis,3
84,Pam,10
84,Oscar,9
84,Meredith,5
84,Angela,7
84,Kelly,3
84,Jim,21
84,Gabe,4
84,Erin,5
84,Dwight,26
84,Darryl,9
84,Andy,61
84,Kevin,4
85,Oscar,7
85,Pam,24
85,Phyllis,7
85,Toby,7
85,Ryan,3
85,Stanley,3
85,Meredith,5
85,Robert,28
85,Kelly,12
85,Gabe,9
85,Jim,25
85,Erin,35
85,Dwight,18
85,Darryl,9
85,Creed,3
85,Angela,4
85,Andy,34
85,Kevin,9
86,Toby,8
86,Stanley,7
86,Ryan,3
86,Phyllis,2
86,Pam,17
86,Oscar,11
86,Kevin,10
86,Robert,31
86,Jim,35
86,Gabe,22
86,Erin,7
86,Dwight,48
86,Darryl,15
86,Angela,7
86,Andy,47
86,Kelly,5
87,Toby,4
87,Ryan,6
87,Robert,10
87,Phyllis,2
87,Pam,65
87,Oscar,4
87,Kevin,15
87,Erin,13
87,Jim,40
87,Gabe,2
87,Dwight,55
87,Darryl,23
87,Creed,2
87,Andy,43
87,Kelly,6
88,Pam,18
88,Oscar,18
88,Phyllis,6
88,Meredith,1
88,Ryan,11
88,Stanley,4
88,Robert,22
88,Kevin,15
88,Andy,45
88,Jim,16
88,Gabe,10
88,Erin,13
88,Dwight,26
88,Darryl,11
88,Angela,1
88,Kelly,4
89,Toby,3
89,Ryan,3
89,Robert,38
89,Phyllis,3
89,Oscar,11
89,Kevin,2
89,Jim,24
89,Kelly,1
89,Erin,7
89,Dwight,47
89,Darryl,24
89,Creed,2
89,Angela,2
89,Andy,57
89,Gabe,2
91,Meredith,2
91,Stanley,3
91,Ryan,1
91,Phyllis,1
91,Pete,13
91,Pam,19
91,Oscar,8
91,Nellie,10
91,Kevin,7
91,Toby,11
91,Jim,21
91,Kelly,2
91,Angela,16
91,Clark,22
91,Creed,1
91,Andy,33
91,David,1
91,Dwight,42
91,Erin,4
91,Darryl,3
92,Nellie,31
92,Toby,5
92,Stanley,1
92,Phyllis,1
92,Pete,16
92,Pam,32
92,Oscar,5
92,Meredith,1
92,Roy,11
92,Jim,38
92,Erin,31
92,Dwight,31
92,Darryl,10
92,Creed,4
92,Clark,22
92,Angela,7
92,Andy,32
92,Kevin,10
93,Stanley,2
93,Phyllis,3
93,Pete,5
93,Pam,32
93,Oscar,7
93,Nellie,33
93,Meredith,1
93,Jim,19
93,Erin,21
93,Dwight,24
93,Darryl,31
93,Clark,4
93,Angela,2
93,Andy,44
93,Kevin,3
94,Meredith,7
94,Stanley,10
94,Toby,2
94,Pete,2
94,Pam,29
94,Oscar,14
94,Nellie,27
94,Kevin,17
94,Phyllis,5
94,Erin,11
94,Andy,42
94,Angela,5
94,Clark,12
94,Jim,60
94,Darryl,11
94,Dwight,39
94,Creed,3
95,Stanley,2
95,Pete,2
95,Pam,32
95,Oscar,3
95,Nellie,20
95,Meredith,5
95,Kevin,2
95,Toby,4
95,Erin,22
95,Dwight,39
95,Darryl,6
95,Creed,3
95,Clark,5
95,Angela,6
95,Andy,50
95,Jim,35
96,Toby,9
96,Pete,10
96,Pam,11
96,Oscar,27
96,Nellie,16
96,Meredith,3
96,Kevin,22
96,Jim,8
96,Dwight,32
96,David,7
96,Darryl,4
96,Angela,12
96,Andy,54
96,Erin,39
96,Creed,1
97,Toby,5
97,Jim,21
97,Phyllis,14
97,Pete,8
97,Pam,45
97,Oscar,19
97,Nellie,6
97,Meredith,4
97,Kevin,3
97,Jan,25
97,Dwight,52
97,David,6
97,Darryl,3
97,Creed,1
97,Clark,4
97,Angela,21
97,Andy,9
97,Erin,17
98,Toby,8
98,Phyllis,12
98,Pete,23
98,Pam,17
98,Oscar,22
98,Nellie,9
98,Meredith,8
98,Stanley,13
98,Jim,29
98,Erin,6
98,Dwight,57
98,David,3
98,Darryl,6
98,Creed,3
98,Angela,52
98,Kevin,16
99,Toby,11
99,Stanley,5
99,Phyllis,10
99,Pete,22
99,Pam,32
99,Oscar,7
99,Nellie,11
99,Kevin,13
99,Jim,58
99,Erin,24
99,Dwight,57
99,Darryl,16
99,Creed,2
99,Angela,11
99,Meredith,5
199,Pam,53
199,Toby,10
199,Stanley,3
199,Ryan,15
199,Roy,1
199,Todd Packer,7
199,Oscar,16
199,Kelly,2
199,Meredith,5
199,Kevin,6
199,Jim,56
199,Dwight,118
199,Darryl,2
199,Angela,9
199,Michael,152
210,Todd Packer,2
210,Toby,3
210,Ryan,15
210,Roy,8
210,Phyllis,5
210,Pam,16
210,Oscar,8
210,Michael,87
210,Stanley,5
210,Kevin,11
210,Kelly,8
210,Jim,27
210,Dwight,42
210,Darryl,11
210,Creed,4
210,Angela,9
210,Meredith,10
211,Stanley,8
211,Ryan,2
211,Roy,11
211,Phyllis,4
211,Pam,17
211,Oscar,1
211,Meredith,3
211,Kelly,4
211,Jim,29
211,Dwight,22
211,Darryl,3
211,Angela,1
211,Michael,75
212,Oscar,3
212,Toby,7
212,Stanley,4
212,Ryan,13
212,Phyllis,3
212,Pam,56
212,Michael,124
212,Kevin,2
212,Kelly,1
212,Jim,55
212,Dwight,59
212,Creed,1
212,Angela,5
212,Meredith,1
213,Toby,3
213,Stanley,3
213,Ryan,7
213,Phyllis,1
213,Pam,27
213,Michael,92
213,Oscar,9
213,Kelly,5
213,Jim,50
213,Dwight,38
213,Creed,3
213,Angela,5
213,Kevin,8
214,Pam,27
214,Todd Packer,2
214,Toby,1
214,Stanley,2
214,Ryan,13
214,Roy,6
214,Phyllis,1
214,Oscar,5
214,Creed,9
214,Kevin,7
214,Kelly,10
214,Jim,27
214,Dwight,25
214,Darryl,3
214,Angela,2
214,Michael,99
215,Pam,26
215,Phyllis,9
215,Michael,76
215,Stanley,1
215,Roy,15
215,Meredith,5
215,Ryan,2
215,Kelly,9
215,Jim,22
215,Jan,55
215,Dwight,12
215,Darryl,27
215,Kevin,3
215,Angela,5
216,Ryan,4
216,Roy,5
216,Phyllis,3
216,Pam,23
216,Oscar,2
216,Michael,44
216,Meredith,2
216,Kevin,5
216,Kelly,13
216,Jim,16
216,Jan,16
216,Dwight,19
216,David,12
216,Angela,4
217,Toby,4
217,Stanley,5
217,Ryan,7
217,Phyllis,4
217,Pam,19
217,Oscar,3
217,Michael,52
217,Kevin,4
217,Kelly,5
217,Jim,35
217,Dwight,49
217,Creed,4
217,Angela,4
218,Toby,13
218,Stanley,6
218,Ryan,10
218,Roy,1
218,Pam,21
218,Oscar,1
218,Michael,77
218,Meredith,2
218,Kevin,5
218,Kelly,6
218,Jim,17
218,Dwight,22
218,Darryl,1
218,Creed,4
218,Angela,4
219,Toby,8
219,Stanley,3
219,Ryan,3
219,Phyllis,2
219,Pam,26
219,Oscar,7
219,Michael,87
219,Angela,12
219,Kevin,14
219,Kelly,4
219,Jim,22
219,Jan,5
219,Dwight,43
219,Carol,4
219,Meredith,1
220,Toby,5
220,Stanley,6
220,Ryan,7
220,Phyllis,3
220,Pam,14
220,Oscar,6
220,Kevin,5
220,Kelly,5
220,Jim,19
220,Dwight,70
220,Creed,1
220,Angela,5
220,Michael,50
221,Pam,24
221,Toby,21
221,Stanley,4
221,Ryan,4
221,Phyllis,12
221,Oscar,9
221,Angela,13
221,Kevin,3
221,Kelly,2
221,Jim,27
221,Dwight,33
221,Creed,3
221,Michael,87
222,Michael,94
222,Stanley,1
222,Ryan,1
222,Roy,11
222,Phyllis,7
222,Pam,43
222,Oscar,4
222,Toby,4
222,Meredith,1
222,Jim,52
222,Kelly,1
222,Jan,40
222,Dwight,31
222,Darryl,8
222,Creed,4
222,Carol,30
222,Angela,5
222,Kevin,16
299,Stanley,30
299,Ryan,62
299,Roy,22
299,Phyllis,45
299,Pam,109
299,Oscar,38
299,Michael,479
299,Meredith,10
299,Toby,45
299,Kelly,21
299,Angela,27
299,Carol,3
299,Creed,27
299,Kevin,33
299,Dwight,284
299,Jan,51
299,Jim,152
299,Darryl,13
310,Meredith,3
310,Stanley,3
310,Ryan,8
310,Roy,5
310,Phyllis,12
310,Pam,57
310,Oscar,1
310,Michael,107
310,Toby,8
310,Kelly,5
310,Karen,33
310,Jim,44
310,Dwight,60
310,Darryl,3
310,Creed,3
310,Carol,18
310,Angela,35
310,Andy,28
310,Kevin,14
312,Michael,70
312,Toby,7
312,Stanley,4
312,Roy,5
312,Phyllis,2
312,Pam,33
312,Kevin,5
312,Andy,3
312,Jim,25
312,Jan,12
312,Dwight,22
312,Darryl,6
312,Angela,4
312,Karen,9
313,Stanley,8
313,Ryan,8
313,Phyllis,10
313,Pam,26
313,Michael,48
313,Kevin,7
313,Kelly,2
313,Karen,16
313,Jim,39
313,Jan,1
313,Dwight,33
313,Angela,17
313,Andy,29
314,Stanley,2
314,Ryan,3
314,Phyllis,3
314,Pam,10
314,Oscar,11
314,Michael,48
314,Meredith,2
314,Andy,39
314,Karen,4
314,Jim,25
314,Dwight,25
314,Creed,3
314,Angela,14
314,Kevin,3
315,Stanley,1
315,Ryan,6
315,Roy,1
315,Pam,30
315,Michael,76
315,Meredith,2
315,Karen,15
315,Kelly,3
315,Jim,25
315,Jan,6
315,Dwight,28
315,Angela,4
315,Kevin,2
316,Toby,2
316,Stanley,2
316,Roy,9
316,Phyllis,15
316,Pam,15
316,Michael,48
316,Meredith,1
316,Kevin,4
316,Kelly,6
316,Karen,4
316,Jim,19
316,Dwight,24
316,Angela,3
317,Toby,3
317,Stanley,1
317,Ryan,15
317,Roy,8
317,Pam,26
317,Oscar,4
317,Michael,45
317,Angela,2
317,Kevin,6
317,Kelly,9
317,Karen,5
317,Jim,11
317,Dwight,22
317,Creed,5
317,Meredith,3
318,Kevin,8
318,Ryan,3
318,Roy,22
318,Pam,22
318,Toby,3
318,Kelly,1
318,Michael,84
318,Jim,21
318,Jan,46
318,Dwight,31
318,David,8
318,Creed,2
318,Angela,1
318,Karen,12
319,Toby,17
319,Ryan,9
319,Roy,8
319,Phyllis,4
319,Pam,15
319,Oscar,4
319,Michael,104
319,Kevin,8
319,Stanley,4
319,Karen,15
319,Jim,41
319,Jan,30
319,Dwight,18
319,Darryl,42
319,Creed,3
319,Angela,11
319,Andy,2
319,Kelly,14
320,Toby,8
320,Stanley,2
320,Ryan,5
320,Pam,19
320,Oscar,3
320,Michael,78
320,Kevin,16
320,Karen,4
320,Jim,24
320,Dwight,54
320,Darryl,31
320,Creed,3
320,Angela,1
320,Andy,18
320,Kelly,6
321,Michael,53
321,Stanley,1
321,Ryan,2
321,Phyllis,1
321,Pam,14
321,Oscar,5
321,Kevin,8
321,Karen,4
321,Kelly,10
321,Jim,46
321,Dwight,31
321,Creed,8
321,Angela,11
321,Andy,34
322,Toby,7
322,Ryan,4
322,Phyllis,12
322,Pam,34
322,Michael,79
322,Meredith,5
322,Kelly,4
322,Kevin,11
322,Jim,31
322,Jan,11
322,Dwight,42
322,Creed,6
322,Angela,11
322,Andy,10
322,Karen,15
323,Michael,104
323,Toby,4
323,Stanley,11
323,Ryan,3
323,Phyllis,1
323,Pam,23
323,Oscar,5
323,Meredith,2
323,Angela,8
323,Kelly,9
323,Karen,8
323,Jim,22
323,Dwight,38
323,David,9
323,Creed,2
323,Andy,16
323,Kevin,5
324,Meredith,6
324,Stanley,7
324,Ryan,4
324,Phyllis,4
324,Pam,45
324,Oscar,11
324,Michael,117
324,Kevin,17
324,Kelly,3
324,Karen,39
324,Jim,65
324,Jan,43
324,Dwight,60
324,David,45
324,Creed,3
324,Angela,6
324,Andy,22
399,Meredith,27
399,Michael,267
399,Oscar,11
399,Phyllis,13
399,Toby,19
399,Ryan,53
399,Stanley,24
399,Kevin,45
399,Roy,14
399,Kelly,50
399,Pam,65
399,Jim,90
399,Jan,38
399,Dwight,114
399,David,2
399,Darryl,2
399,Creed,15
399,Carol,7
399,Angela,42
399,Andy,82
399,Karen,12
410,Toby,7
410,Stanley,10
410,Phyllis,2
410,Pam,15
410,Oscar,10
410,Karen,24
410,Kevin,2
410,Jim,69
410,Dwight,38
410,Andy,8
410,Michael,81
411,Michael,65
411,Toby,16
411,Stanley,2
411,Phyllis,4
411,Pam,11
411,Oscar,7
411,Meredith,5
411,Kevin,2
411,Kelly,1
411,Jim,68
411,Dwight,23
411,Creed,12
411,Angela,7
411,Andy,7
412,Toby,3
412,Ryan,10
412,Pam,21
412,Oscar,1
412,Michael,77
412,Meredith,1
412,Kelly,15
412,Jim,14
412,Jan,26
412,Dwight,5
412,David,4
412,Darryl,3
412,Kevin,3
413,Pam,28
413,Stanley,1
413,Phyllis,1
413,Michael,89
413,Jim,38
413,Jan,72
413,Dwight,16
413,Angela,12
413,Andy,10
414,Stanley,1
414,Phyllis,9
414,Pam,34
414,Oscar,2
414,Kevin,20
414,Michael,71
414,Jan,1
414,Dwight,17
414,Creed,3
414,Angela,1
414,Andy,14
414,Jim,21
415,Oscar,7
415,Toby,8
415,Stanley,4
415,Ryan,60
415,Phyllis,3
415,Pam,13
415,Michael,86
415,Kelly,3
415,Kevin,3
415,Meredith,1
415,Jim,37
415,Dwight,42
415,Creed,2
415,Angela,4
415,Andy,4
416,Stanley,23
416,Ryan,6
416,Phyllis,7
416,Pam,16
416,Oscar,2
416,Michael,87
416,Kevin,8
416,Toby,10
416,Jim,23
416,Dwight,32
416,Darryl,13
416,Creed,1
416,Angela,3
416,Andy,23
416,Kelly,1
417,Phyllis,2
417,Pam,33
417,Oscar,5
417,Michael,44
417,Meredith,1
417,Kelly,1
417,Kevin,7
417,Dwight,9
417,Darryl,6
417,Creed,4
417,Angela,4
417,Andy,12
417,Jim,19
418,Meredith,4
418,Toby,37
418,Stanley,1
418,Ryan,5
418,Phyllis,16
418,Pam,42
418,Oscar,1
418,Michael,159
418,Kevin,23
418,Dwight,37
418,Jim,57
418,Jan,24
418,Holly,69
418,Kelly,4
418,Darryl,2
418,Creed,6
418,Angela,14
418,Andy,6
499,Toby,33
499,Stanley,10
499,Phyllis,20
499,Pam,88
499,Oscar,29
499,Michael,255
499,Meredith,15
499,Kevin,14
499,Ryan,25
499,Jim,109
499,Jan,29
499,Holly,5
499,Dwight,71
499,Darryl,1
499,Creed,10
499,Angela,22
499,Andy,39
499,Kelly,23
510,Toby,2
510,Stanley,4
510,Phyllis,2
510,Pam,58
510,Oscar,31
510,Michael,100
510,Meredith,1
510,Kelly,1
510,Jim,31
510,Dwight,29
510,David,6
510,Creed,1
510,Angela,23
510,Andy,17
510,Kevin,3
511,Michael,65
511,Toby,15
511,Stanley,4
511,Phyllis,19
511,Pam,6
511,Oscar,5
511,Meredith,36
511,Dwight,27
511,Kelly,1
511,Jim,26
511,Kevin,3
511,Darryl,6
511,Creed,1
511,Angela,12
511,Andy,7
512,Phyllis,3
512,Pam,9
512,Oscar,10
512,Michael,51
512,Meredith,6
512,Kevin,8
512,Stanley,2
512,Jim,33
512,Dwight,63
512,David,8
512,Creed,2
512,Angela,20
512,Andy,65
512,Kelly,2
513,Stanley,5
513,Phyllis,4
513,Pam,5
513,Oscar,3
513,Michael,90
513,Meredith,2
513,Kevin,14
513,Kelly,2
513,Dwight,72
513,David,9
513,Creed,1
513,Angela,3
513,Andy,5
513,Jim,13
514,Meredith,3
514,Phyllis,11
514,Pam,31
514,Oscar,10
514,Michael,118
514,Stanley,28
514,Kevin,7
514,David,10
514,Jim,34
514,Dwight,72
514,Darryl,6
514,Creed,4
514,Angela,16
514,Andy,23
514,Kelly,3
516,Stanley,7
516,Phyllis,3
516,Pam,35
516,Michael,54
516,Kelly,8
516,Karen,20
516,Jim,31
516,Dwight,23
516,Creed,5
516,Andy,26
517,Stanley,2
517,Phyllis,1
517,Pam,36
517,Oscar,11
517,Michael,47
517,Meredith,9
517,Kelly,16
517,Karen,2
517,Jim,33
517,Dwight,31
517,Creed,2
517,Angela,15
517,Kevin,15
518,Kevin,15
518,Phyllis,11
518,Pam,31
518,Oscar,14
518,Michael,85
518,Jim,35
518,Kelly,9
518,Stanley,2
518,Dwight,31
518,Angela,4
518,Meredith,3
519,Oscar,7
519,Michael,112
519,Pam,24
519,Stanley,1
519,Kevin,10
519,Creed,2
519,Dwight,71
519,David,25
519,Darryl,3
519,Andy,12
519,Jim,38
520,Stanley,2
520,Phyllis,3
520,Pam,14
520,Oscar,1
520,Michael,104
520,Kelly,7
520,Kevin,5
520,Dwight,21
520,David,18
520,Charles,66
520,Angela,8
520,Andy,4
520,Jim,30
521,Michael,87
521,Stanley,7
521,Toby,1
521,Phyllis,3
521,Pam,38
521,Oscar,11
521,Meredith,2
521,Angela,6
521,Kelly,6
521,Jim,26
521,Dwight,12
521,Creed,1
521,Charles,25
521,Andy,14
521,Kevin,13
522,Michael,80
522,Stanley,4
522,Ryan,11
522,Phyllis,2
522,Oscar,1
522,Kelly,1
522,Pam,65
522,Kevin,9
522,Dwight,17
522,Creed,1
522,Jim,35
522,Charles,41
522,Angela,3
522,Andy,15
523,Toby,3
523,Stanley,3
523,Ryan,25
523,Pam,45
523,Oscar,5
523,Michael,46
523,Meredith,1
523,Phyllis,1
523,Kelly,5
523,Jim,28
523,Erin,16
523,Dwight,28
523,Creed,2
523,Charles,25
523,Andy,18
523,Kevin,2
524,Stanley,1
524,Ryan,6
524,Phyllis,5
524,Pam,15
524,Michael,90
524,Kelly,1
524,Jim,22
524,Dwight,83
524,Charles,14
524,Andy,25
524,Kevin,1
525,Kevin,1
525,Stanley,1
525,Ryan,24
525,Phyllis,1
525,Pam,33
525,Kelly,1
525,Michael,76
525,Erin,1
525,Dwight,24
525,David,37
525,Charles,39
525,Angela,2
525,Andy,3
525,Jim,29
526,Toby,13
526,Ryan,25
526,Phyllis,13
526,Pam,30
526,Oscar,5
526,Michael,95
526,Meredith,8
526,Kevin,1
526,Stanley,12
526,Jim,29
526,Erin,10
526,Dwight,49
526,Darryl,1
526,Creed,9
526,Angela,5
526,Andy,12
526,Kelly,2
527,Stanley,1
527,Ryan,2
527,Phyllis,25
527,Pam,19
527,Oscar,5
527,Michael,84
527,Meredith,1
527,Kelly,11
527,Jim,17
527,Erin,23
527,Dwight,28
527,Creed,3
527,Angela,17
527,Andy,16
527,Kevin,7
528,Meredith,2
528,Stanley,1
528,Phyllis,4
528,Pam,25
528,Oscar,2
528,Michael,53
528,Kevin,4
528,Toby,2
528,Holly,38
528,Erin,3
528,Dwight,40
528,David,13
528,Charles,12
528,Angela,3
528,Andy,11
528,Jim,22
599,Toby,5
599,Stanley,6
599,Phyllis,11
599,Pam,13
599,Oscar,16
599,Michael,100
599,Meredith,15
599,Kevin,26
599,Ryan,12
599,Jim,35
599,Jan,21
599,Holly,46
599,Dwight,38
599,Darryl,27
599,Creed,3
599,Angela,12
599,Andy,16
599,Kelly,7
610,Stanley,6
610,Ryan,1
610,Phyllis,5
610,Pam,12
610,Oscar,8
610,Michael,66
610,Meredith,4
610,Erin,15
610,Jim,47
610,Dwight,29
610,David,4
610,Creed,2
610,Angela,6
610,Andy,24
610,Kevin,11
611,Michael,69
611,Ryan,18
611,Phyllis,7
611,Stanley,4
611,Oscar,18
611,Meredith,1
611,Pam,12
611,Jim,36
611,Erin,3
611,Dwight,26
611,David,14
611,Creed,1
611,Andy,13
611,Kevin,4
612,Stanley,2
612,Ryan,4
612,Phyllis,4
612,Pam,14
612,Oscar,2
612,Michael,68
612,Kevin,6
612,Kelly,1
612,Jim,38
612,Erin,21
612,Dwight,36
612,David,9
612,Creed,1
612,Angela,3
612,Andy,22
613,Stanley,5
613,Ryan,8
613,Phyllis,27
613,Pam,16
613,Oscar,13
613,Toby,5
613,Michael,94
613,Meredith,3
613,Erin,11
613,Kelly,2
613,Jim,39
613,Dwight,36
613,David,19
613,Creed,2
613,Angela,6
613,Andy,16
613,Kevin,13
614,Toby,18
614,Ryan,1
614,Pam,5
614,Michael,44
614,Kevin,2
614,Angela,2
614,Andy,1
614,Dwight,17
615,Meredith,2
615,Toby,2
615,Stanley,1
615,Phyllis,1
615,Pam,25
615,Oscar,5
615,Michael,82
615,Kevin,1
615,Andy,10
615,Jim,26
615,Gabe,18
615,Erin,5
615,Dwight,9
615,David,34
615,Creed,1
615,Angela,2
615,Jo,9
616,Ryan,19
616,Phyllis,4
616,Pam,5
616,Oscar,6
616,Michael,68
616,Meredith,4
616,Kevin,5
616,Kelly,11
616,Jo,33
616,Jim,33
616,Gabe,5
616,Erin,23
616,Dwight,39
616,Angela,1
616,Andy,24
617,Toby,1
617,Stanley,3
617,Ryan,2
617,Phyllis,6
617,Pam,126
617,Oscar,3
617,Michael,117
617,Meredith,6
617,Andy,25
617,Kelly,3
617,Jim,134
617,Erin,35
617,Dwight,47
617,Creed,1
617,Clark,13
617,Angela,19
617,Kevin,29
619,Michael,52
619,Todd Packer,6
619,Stanley,1
619,Ryan,3
619,Phyllis,1
619,Pam,1
619,Oscar,4
619,Meredith,4
619,Andy,24
619,Kelly,3
619,Jo,53
619,Jim,40
619,Gabe,3
619,Erin,20
619,Dwight,29
619,Angela,3
619,Kevin,3
620,Toby,2
620,Stanley,11
620,Ryan,3
620,Phyllis,18
620,Pam,3
620,Oscar,1
620,Michael,85
620,Meredith,3
620,Kelly,8
620,Jim,51
620,Gabe,7
620,Erin,6
620,Dwight,43
620,Darryl,9
620,Angela,6
620,Andy,15
620,Kevin,8
621,Meredith,1
621,Ryan,5
621,Stanley,1
621,Pam,31
621,Oscar,20
621,Michael,74
621,Kevin,7
621,Phyllis,6
621,Jim,33
621,Andy,35
621,Angela,17
621,Creed,1
621,Kelly,4
621,Dwight,34
621,Erin,16
621,Darryl,10
622,Ryan,5
622,Phyllis,3
622,Pam,28
622,Oscar,6
622,Michael,46
622,Meredith,9
622,Kevin,19
622,Toby,3
622,Jim,8
622,Gabe,22
622,Erin,49
622,Dwight,17
622,Darryl,3
622,Angela,5
622,Andy,25
622,Kelly,5
623,Stanley,2
623,Ryan,4
623,Phyllis,4
623,Pam,27
623,Oscar,9
623,Michael,85
623,Kevin,7
623,Kelly,28
623,Jim,37
623,Erin,9
623,Dwight,45
623,Darryl,4
623,Creed,1
623,Andy,3
623,Gabe,15
623,Angela,3
624,Stanley,3
624,Kelly,7
624,Ryan,4
624,Pam,42
624,Oscar,1
624,Michael,91
624,Meredith,1
624,Jim,14
624,Erin,3
624,Dwight,38
624,Darryl,26
624,Creed,2
624,Andy,29
624,Gabe,3
625,Toby,5
625,Ryan,11
625,Phyllis,8
625,Pam,30
625,Oscar,3
625,Michael,82
625,Meredith,3
625,Kevin,6
625,Stanley,2
625,Jim,21
625,Gabe,6
625,Erin,11
625,Dwight,36
625,Darryl,4
625,Creed,4
625,Angela,17
625,Andy,41
625,Kelly,5
626,Michael,67
626,Oscar,2
626,Pam,17
626,Toby,7
626,Ryan,2
626,Stanley,2
626,Kevin,7
626,Todd Packer,1
626,Phyllis,5
626,Kelly,5
626,Erin,4
626,Jim,13
626,Gabe,5
626,Dwight,19
626,David,1
626,Darryl,6
626,Creed,2
626,Angela,4
626,Andy,17
626,Jo,43
710,Michael,56
710,Oscar,25
710,Pam,46
710,Ryan,7
710,Stanley,6
710,Meredith,2
710,Phyllis,3
710,Kevin,8
710,Jim,27
710,Kelly,8
710,Gabe,1
710,Erin,9
710,Dwight,44
710,Darryl,12
710,Creed,2
710,Angela,2
710,Andy,23
711,Oscar,12
711,Pam,69
711,Phyllis,13
711,Robert,5
711,Kelly,14
711,Stanley,5
711,Toby,25
711,Michael,130
711,Ryan,11
711,Meredith,10
711,Holly,48
711,Jim,47
711,Gabe,6
711,Erin,18
711,Dwight,34
711,Darryl,23
711,Creed,4
711,Angela,26
711,Andy,28
711,Kevin,15
713,Kevin,19
713,Meredith,1
713,Oscar,3
713,Phyllis,9
713,Ryan,6
713,Kelly,10
713,Pam,31
713,Jim,8
713,Michael,75
713,Gabe,2
713,Erin,21
713,Dwight,34
713,Andy,21
713,Darryl,21
713,Creed,13
713,Angela,7
713,Holly,19
714,Stanley,2
714,Ryan,8
714,Pam,18
714,Oscar,14
714,Michael,36
714,Kevin,9
714,Kelly,12
714,Jim,23
714,Phyllis,3
714,Gabe,7
714,Erin,25
714,Dwight,19
714,David,12
714,Darryl,3
714,Creed,2
714,Andy,51
714,Holly,12
715,Stanley,3
715,Ryan,6
715,Phyllis,10
715,Pam,36
715,Oscar,12
715,Michael,42
715,Meredith,3
715,Kevin,7
715,Gabe,25
715,Jim,32
715,Holly,30
715,Erin,14
715,Dwight,26
715,Darryl,9
715,Angela,1
715,Andy,13
715,Kelly,9
716,Michael,71
716,Oscar,15
716,Pam,24
716,Phyllis,3
716,Stanley,1
716,Kevin,13
716,Ryan,6
716,Kelly,1
716,Meredith,1
716,Holly,37
716,Gabe,21
716,Andy,37
716,Erin,38
716,Dwight,24
716,Darryl,15
716,Jim,22
716,Creed,1
716,Angela,9
717,Todd Packer,1
717,Ryan,2
717,Pam,6
717,Michael,45
717,Kevin,3
717,Kelly,1
717,Karen,2
717,Jim,6
717,Jan,2
717,Holly,15
717,Erin,1
717,Dwight,3
717,Creed,1
717,Andy,2
718,Todd Packer,36
718,Stanley,1
718,Ryan,3
718,Phyllis,1
718,Pam,36
718,Oscar,1
718,Michael,57
718,Meredith,3
718,Andy,28
718,Kelly,3
718,Jim,35
718,Holly,33
718,Gabe,1
718,Erin,9
718,Dwight,40
718,Angela,1
718,Kevin,13
719,Stanley,1
719,Ryan,9
719,Phyllis,3
719,Pam,32
719,Oscar,7
719,Michael,72
719,Meredith,3
719,Kevin,18
719,Jim,24
719,Holly,47
719,Gabe,1
719,Dwight,31
719,Darryl,10
719,Angela,1
719,Andy,17
719,Kelly,3
720,Stanley,3
720,Phyllis,2
720,Pam,8
720,Oscar,5
720,Michael,67
720,Meredith,1
720,Kevin,3
720,Kelly,5
720,Ryan,1
720,Gabe,4
720,Erin,9
720,Dwight,10
720,Deangelo,78
720,Darryl,8
720,Angela,4
720,Andy,9
720,Jim,10
721,Michael,80
721,Oscar,5
721,Pam,15
721,Stanley,3
721,Ryan,6
721,Meredith,6
721,Toby,2
721,Phyllis,2
721,Kevin,6
721,Erin,12
721,Gabe,1
721,Dwight,12
721,Deangelo,53
721,Darryl,2
721,Creed,1
721,Angela,1
721,Andy,4
721,Jim,22
722,Michael,107
722,Oscar,6
722,Pam,19
722,Erin,12
722,Ryan,3
722,Stanley,7
722,Toby,5
722,Meredith,6
722,Phyllis,18
722,Kevin,11
722,Darryl,3
722,Jim,18
722,Holly,6
722,Gabe,9
722,Dwight,13
722,Deangelo,24
722,Kelly,3
722,Creed,2
722,Angela,12
722,Andy,24
723,Toby,1
723,Ryan,15
723,Phyllis,4
723,Pam,24
723,Oscar,2
723,Kevin,13
723,Kelly,15
723,Jim,40
723,Gabe,8
723,Erin,3
723,Dwight,20
723,Deangelo,89
723,Darryl,8
723,Angela,4
723,Andy,9
724,Toby,6
724,Stanley,1
724,Ryan,2
724,Phyllis,5
724,Pam,11
724,Oscar,4
724,Meredith,1
724,Kevin,20
724,Kelly,6
724,Angela,11
724,Jim,27
724,Gabe,20
724,Erin,12
724,Dwight,72
724,Darryl,5
724,Creed,2
724,Andy,26
724,Jo,14
725,Nellie,10
725,Oscar,22
725,Pam,37
725,Phyllis,20
725,Toby,13
725,Ryan,11
725,Stanley,4
725,Meredith,6
725,Robert,12
725,Kevin,14
725,Andy,25
725,Jo,27
725,Jim,89
725,Gabe,30
725,Erin,23
725,Dwight,44
725,Darryl,26
725,Creed,14
725,Angela,11
725,Kelly,17
810,Meredith,14
810,Oscar,9
810,Phyllis,7
810,Toby,6
810,Ryan,6
810,Stanley,5
810,Robert,19
810,Kevin,9
810,Jim,40
810,Erin,37
810,Dwight,23
810,Darryl,10
810,Creed,2
810,Angela,2
810,Andy,75
810,Kelly,10
811,Stanley,4
811,Ryan,6
811,Robert,15
811,Phyllis,3
811,Oscar,17
811,Meredith,6
811,Kelly,2
811,Kevin,15
811,Gabe,20
811,Erin,5
811,Dwight,34
811,Darryl,10
811,Creed,1
811,Angela,1
811,Andy,35
811,Jim,17
812,Toby,7
812,Stanley,7
812,Ryan,8
812,Robert,23
812,Phyllis,2
812,Oscar,11
812,Meredith,9
812,Kevin,11
812,Kelly,6
812,Jim,21
812,Gabe,7
812,Erin,48
812,Dwight,37
812,Darryl,9
812,Angela,4
812,Andy,38
813,Toby,5
813,Stanley,4
813,Ryan,2
813,Phyllis,11
813,Pam,24
813,Oscar,24
813,Meredith,2
813,Kevin,12
813,Andy,41
813,Jim,59
813,Gabe,4
813,Erin,12
813,Dwight,57
813,Darryl,5
813,Creed,4
813,Angela,31
813,Kelly,2
814,Meredith,2
814,Stanley,7
814,Ryan,12
814,Phyllis,2
814,Toby,2
814,Pam,29
814,Oscar,4
814,Kevin,5
814,Darryl,23
814,Jim,30
814,Erin,14
814,Dwight,67
814,Creed,1
814,Angela,8
814,Andy,45
814,Kelly,8
815,Stanley,13
815,Pam,10
815,Oscar,1
815,Nellie,27
815,Meredith,2
815,Kevin,2
815,Ryan,9
815,Jim,32
815,Erin,21
815,Dwight,63
815,Darryl,4
815,Creed,2
815,Andy,21
815,Kelly,3
816,Stanley,6
816,Ryan,20
816,Phyllis,4
816,Pam,15
816,Oscar,10
816,Nellie,24
816,Kevin,4
816,Gabe,6
816,Jim,53
816,Erin,19
816,Dwight,59
816,Darryl,14
816,Angela,11
816,Andy,20
816,Kelly,8
817,Pam,10
817,Oscar,6
817,Phyllis,2
817,Kevin,8
817,Stanley,1
817,Toby,18
817,Todd Packer,4
817,Ryan,17
817,Nellie,18
817,Erin,10
817,Kelly,9
817,Jim,28
817,Meredith,3
817,Dwight,53
817,Darryl,4
817,Angela,9
817,Andy,28
818,Todd Packer,9
818,Toby,16
818,Stanley,2
818,Ryan,2
818,Robert,14
818,Phyllis,6
818,Pam,10
818,Oscar,4
818,Nellie,12
818,Meredith,1
818,Angela,3
818,Kelly,3
818,Jim,45
818,Gabe,1
818,Erin,15
818,Dwight,38
818,Darryl,25
818,Creed,2
818,Kevin,19
818,Andy,20
819,Oscar,1
819,Pam,16
819,Phyllis,4
819,Nellie,42
819,Ryan,1
819,Toby,3
819,Robert,24
819,Meredith,2
819,Stanley,1
819,Kelly,1
819,Kevin,8
819,Angela,1
819,Creed,1
819,Andy,32
819,Dwight,21
819,Erin,32
819,Jim,37
819,Darryl,7
820,Nellie,22
820,Stanley,1
820,Ryan,3
820,Robert,19
820,Phyllis,9
820,Pam,32
820,Oscar,11
820,Kevin,3
820,Jim,39
820,Gabe,2
820,Erin,25
820,Dwight,22
820,Darryl,1
820,Creed,3
820,Angela,7
820,Andy,48
821,Toby,1
821,Stanley,1
821,Ryan,30
821,Robert,18
821,Phyllis,10
821,Pam,29
821,Oscar,7
821,Nellie,36
821,Meredith,1
821,Andy,53
821,Kelly,13
821,Jim,19
821,Gabe,4
821,Erin,23
821,Dwight,16
821,Darryl,5
821,Creed,2
821,Angela,7
821,Kevin,9
822,Nellie,17
822,Oscar,16
822,Pam,22
822,Meredith,2
822,Ryan,17
822,Stanley,1
822,Robert,13
822,Kevin,18
822,Phyllis,1
822,Erin,7
822,Dwight,15
822,David,5
822,Darryl,14
822,Jim,24
822,Creed,1
822,Angela,4
822,Andy,41
823,Toby,7
823,Stanley,1
823,Robert,33
823,Phyllis,1
823,Pam,23
823,Oscar,1
823,Nellie,15
823,Kevin,1
823,Gabe,13
823,Erin,8
823,Dwight,55
823,David,4
823,Creed,1
823,Angela,3
823,Andy,28
823,Jim,48
824,Meredith,2
824,Nellie,19
824,Oscar,11
824,Pam,22
824,Toby,5
824,Robert,15
824,Stanley,1
824,Phyllis,5
824,Kevin,3
824,Angela,20
824,Jim,31
824,Kelly,4
824,Creed,1
824,Darryl,14
824,Andy,49
824,Dwight,27
824,Erin,9
824,Gabe,2
824,David,17
899,Meredith,12
899,Stanley,8
899,Ryan,13
899,Robert,24
899,Phyllis,10
899,Pam,19
899,Toby,6
899,Oscar,13
899,Kevin,19
899,Erin,29
899,Jim,62
899,Gabe,9
899,Dwight,49
899,Darryl,14
899,Creed,3
899,Angela,10
899,Andy,75
899,Kelly,9
910,Stanley,4
910,Phyllis,8
910,Pete,7
910,Pam,44
910,Oscar,10
910,Nellie,9
910,Meredith,22
910,Kevin,14
910,Jim,28
910,Erin,26
910,Dwight,18
910,Darryl,15
910,Creed,4
910,Angela,16
911,Stanley,4
911,Phyllis,6
911,Pete,2
911,Pam,22
911,Oscar,19
911,Nellie,9
911,Meredith,6
911,Angela,13
911,Jim,18
911,Erin,11
911,Dwight,40
911,Darryl,19
911,Creed,3
911,Clark,35
911,Kevin,19
912,Nellie,24
912,Stanley,1
912,Toby,7
912,Phyllis,3
912,Pete,12
912,Pam,47
912,Oscar,8
912,Meredith,2
912,Clark,1
912,Jim,37
912,Erin,18
912,Dwight,42
912,Darryl,21
912,Creed,2
912,Angela,6
912,Kevin,10
913,Stanley,2
913,Pam,23
913,Oscar,2
913,Nellie,3
913,Meredith,5
913,Kevin,1
913,Jim,45
913,Erin,2
913,Dwight,84
913,David,9
913,Darryl,2
913,Clark,32
913,Angela,1
914,Toby,3
914,Phyllis,1
914,Pam,57
914,Oscar,12
914,Nellie,9
914,Meredith,1
914,Kevin,6
914,Angela,15
914,Erin,9
914,Dwight,37
914,Darryl,35
914,Creed,1
914,Clark,4
914,Jim,29
915,Kevin,6
915,Stanley,1
915,Phyllis,6
915,Pete,8
915,Pam,28
915,Nellie,7
915,Meredith,2
915,Jim,26
915,Oscar,7
915,Erin,26
915,Andy,62
915,Angela,4
915,Clark,9
915,Jan,8
915,David,10
915,Dwight,32
915,Darryl,3
916,Toby,15
916,Kevin,5
916,Phyllis,10
916,Pete,41
916,Pam,55
916,Oscar,8
916,Nellie,8
916,Meredith,7
916,Jim,28
916,Stanley,5
916,Erin,33
916,Andy,83
916,Angela,42
916,Clark,9
916,Gabe,20
916,Darryl,5
916,David,16
916,Dwight,44
916,Creed,4
917,Kevin,11
917,Stanley,2
917,Phyllis,8
917,Pam,21
917,Oscar,10
917,Nellie,2
917,Meredith,3
917,Todd Packer,14
917,Jim,6
917,Dwight,50
917,Darryl,1
917,Creed,3
917,Clark,5
917,Angela,8
917,Andy,5
917,Erin,4
918,Oscar,29
918,Toby,2
918,Stanley,5
918,Ryan,17
918,Phyllis,6
918,Pete,2
918,Pam,42
918,Nellie,4
918,Andy,10
918,Kevin,8
918,Jim,31
918,Erin,3
918,Dwight,37
918,Darryl,12
918,Clark,23
918,Angela,32
918,Meredith,3
919,Pam,9
919,Pete,2
919,Phyllis,5
919,Todd Packer,2
919,Stanley,18
919,Toby,14
919,Oscar,7
919,Robert,7
919,Nellie,13
919,Meredith,2
919,Kevin,5
919,Jim,15
919,Erin,10
919,Dwight,58
919,Creed,2
919,Clark,36
919,Angela,2
919,Andy,31
920,Stanley,2
920,Toby,7
920,Pete,4
920,Pam,22
920,Oscar,2
920,Nellie,20
920,Kevin,10
920,Robert,2
920,Erin,15
920,Dwight,20
920,Darryl,10
920,Creed,1
920,Clark,6
920,Angela,16
920,Andy,39
920,Jim,17
921,Toby,7
921,Stanley,4
921,Phyllis,4
921,Pam,30
921,Oscar,19
921,Nellie,5
921,Meredith,1
921,Kevin,13
921,Pete,5
921,Erin,9
921,Dwight,53
921,David,37
921,Darryl,11
921,Creed,1
921,Clark,8
921,Angela,29
921,Andy,68
921,Jim,63
922,Stanley,4
922,Phyllis,7
922,Pete,4
922,Pam,34
922,Oscar,28
922,Meredith,9
922,Kevin,30
922,Darryl,30
922,Erin,22
922,Dwight,87
922,Creed,4
922,Clark,5
922,Angela,39
922,Andy,44
922,Jim,89
924,Nellie,9
924,Meredith,15
924,Michael,2
924,Oscar,18
924,Kevin,31
924,Pete,3
924,Phyllis,17
924,Ryan,15
924,Pam,45
924,Kelly,12
924,Stanley,8
924,Erin,11
924,Dwight,74
924,David,2
924,Darryl,19
924,Creed,8
924,Clark,3
924,Carol,1
924,Angela,23
924,Andy,31
924,Jim,73
924,Toby,12
